date,open,high,low,close,volume
2021-11-18,122.0,141.0,122.0,129.75,24267354
2021-11-19,130.99,132.9,122.56,125.27,8909527
2021-11-22,122.51,141.0,122.28,137.9,9184382
2021-11-23,135.1,137.44,129.2,134.89,5122436
2021-11-24,134.0,140.31,130.63,131.64,4320657
2021-11-25,133.5,138.07,130.32,131.62,3139684
2021-11-26,133.52,138.0,131.51,134.01,3204022
2021-11-29,131.02,136.7,127.0,127.59,3542580
2021-11-30,128.1,132.5,127.22,128.31,2209511
2021-12-01,126.39,131.4,123.68,124.4,2349459
2021-12-02,125.1,131.61,125.1,127.52,3018462
2021-12-03,128.99,129.77,125.01,128.73,1889575
2021-12-06,128.23,137.29,125.8,131.72,2870977
2021-12-07,132.0,136.48,127.88,131.78,2188938
2021-12-08,135.0,136.98,132.6,134.55,1511825
2021-12-09,135.0,135.0,128.01,128.8,1920810
2021-12-10,127.8,129.63,126.53,127.36,1718692
2021-12-13,128.74,128.74,125.2,128.56,1774941
2021-12-14,127.0,133.3,126.56,131.9,1838678
2021-12-15,130.99,131.9,125.8,126.99,1942957
2021-12-16,127.0,129.8,125.25,129.1,1660396
2021-12-17,127.52,129.26,123.0,126.5,1580790
2021-12-20,124.99,127.5,123.88,124.01,709423
2021-12-21,125.06,125.85,122.63,123.95,660395
2021-12-22,124.96,125.98,123.6,125.52,848816
2021-12-23,124.13,125.8,123.63,124.23,640998
2021-12-24,123.4,124.6,113.35,114.57,2027639
2021-12-27,114.15,120.77,110.2,118.18,2229649
2021-12-28,117.7,121.55,115.26,119.91,1297100
2021-12-29,118.0,121.93,116.66,120.01,1107715
2021-12-30,118.33,129.0,118.33,125.54,1471161
2021-12-31,125.54,128.86,124.0,127.8,1145759
2022-01-04,128.9,128.9,118.81,119.24,1205647
2022-01-05,121.15,121.15,110.56,110.7,2112893
2022-01-06,108.88,116.88,107.36,114.03,1554409
2022-01-07,116.5,116.92,109.59,110.05,1241915
2022-01-10,110.05,113.96,108.27,113.2,797878
2022-01-11,111.0,112.3,108.54,110.0,921623
2022-01-12,109.95,113.67,109.95,111.0,725911
2022-01-13,112.47,112.47,106.8,107.31,932640
2022-01-14,107.3,112.44,105.1,111.71,1033167
2022-01-17,111.49,116.17,109.59,114.89,784131
2022-01-18,113.38,116.39,110.38,110.53,690562
2022-01-19,109.15,110.73,106.58,106.98,531128
2022-01-20,107.5,107.5,101.58,101.62,1042936
2022-01-21,101.5,102.96,98.26,98.9,685331
2022-01-24,100.0,102.5,98.29,101.36,562651
2022-01-25,100.61,102.09,98.58,99.89,449246
2022-01-26,100.5,104.28,99.03,103.97,723828
2022-01-27,103.97,103.97,98.0,98.33,748015
2022-01-28,100.22,100.3,93.8,95.35,461485
2022-02-07,97.0,99.0,92.58,93.22,495771
2022-02-08,92.3,93.97,88.0,89.41,1091494
2022-02-09,89.42,91.3,89.34,90.8,375239
2022-02-10,91.3,91.36,85.72,86.49,1008122
2022-02-11,86.18,86.35,79.17,79.6,3474719
2022-02-14,79.41,81.59,77.14,81.08,1693517
2022-02-15,82.3,85.5,79.8,85.18,1633666
2022-02-16,85.49,86.5,84.01,86.02,842865
2022-02-17,85.03,89.45,85.03,87.66,924034
2022-02-18,86.41,89.8,85.56,89.1,789597
2022-02-21,91.06,91.06,87.02,87.29,458073
2022-02-22,86.35,89.8,85.9,88.75,480930
2022-02-23,88.6,102.5,88.41,98.97,1633896
2022-02-24,98.58,99.69,94.0,95.47,1081445
2022-02-25,97.5,100.74,96.11,97.77,703762
2022-02-28,97.75,98.82,96.25,97.5,811657
2022-03-01,98.8,100.59,96.78,99.9,708702
2022-03-02,99.88,100.32,96.12,99.37,395677
2022-03-03,100.33,101.49,93.52,94.89,968719
2022-03-04,93.22,97.72,92.7,95.4,826776
2022-03-07,93.86,94.3,91.86,93.08,630837
2022-03-08,93.18,99.0,92.11,97.0,1031785
2022-03-09,97.49,101.5,94.1,98.0,1958136
2022-03-10,102.6,104.87,97.88,98.4,1465970
2022-03-11,92.1,93.83,82.85,93.09,2604645
2022-03-14,89.0,95.55,87.52,93.01,1764706
2022-03-15,91.11,95.28,90.1,92.0,1326570
2022-03-16,93.66,97.63,89.0,96.4,1046778
2022-03-17,99.3,102.8,97.78,98.4,1032483
2022-03-18,99.5,99.5,93.33,95.35,599009
2022-03-21,96.41,96.47,92.11,92.6,697424
2022-03-22,92.55,93.71,89.39,89.4,984146
2022-03-23,90.0,93.1,90.0,91.09,574637
2022-03-24,90.0,90.62,87.08,89.5,660598
2022-03-25,89.83,90.49,86.5,86.72,506327
2022-03-28,85.96,88.66,84.5,87.97,410402
2022-03-29,88.59,88.97,86.6,87.54,327381
2022-03-30,88.17,93.18,88.17,92.78,803907
2022-03-31,91.9,92.32,88.46,90.4,797716
2022-04-01,90.57,90.57,87.0,87.06,700437
2022-04-06,86.65,86.65,84.48,85.1,347139
2022-04-07,83.88,86.98,83.28,83.72,590736
2022-04-08,84.6,89.15,82.03,85.97,810368
2022-04-11,85.5,86.07,82.56,85.13,438360
2022-04-12,86.17,86.17,82.02,84.06,287151
2022-04-13,82.89,84.0,81.0,81.0,292472
2022-04-14,80.58,93.14,78.87,92.34,1515812
2022-04-15,89.21,89.84,85.58,89.14,1029743
2022-04-18,88.92,94.86,87.26,94.66,955278
2022-04-19,93.7,95.28,91.62,92.63,387265
2022-04-20,90.57,94.49,90.57,92.43,377062
2022-04-21,90.5,97.6,90.16,91.07,603751
2022-04-22,88.64,96.0,88.64,92.2,928231
2022-04-25,90.26,93.16,85.0,85.42,798199
2022-04-26,87.36,89.45,83.5,84.0,483438
2022-04-27,84.0,94.0,82.1,91.61,1002079
2022-04-28,87.08,88.98,74.0,74.15,2251679
2022-04-29,73.9,78.47,70.86,76.2,1227713
2022-05-05,75.96,76.69,72.61,73.33,882878
2022-05-06,71.63,76.3,69.87,74.06,664659
2022-05-09,74.29,74.5,70.88,71.9,468318
2022-05-10,70.6,78.44,70.0,77.15,1313632
2022-05-11,77.13,84.5,76.61,82.69,1574574
2022-05-12,85.0,88.09,81.69,86.12,1172842
2022-05-13,87.44,89.49,85.17,89.0,928868
2022-05-16,89.0,90.0,86.81,87.05,799595
2022-05-17,87.06,93.3,85.61,90.85,1210400
2022-05-18,91.66,91.66,87.97,89.16,1593393
2022-05-19,88.27,90.89,87.28,89.01,1012014
2022-05-20,89.98,92.71,88.68,90.75,1252175
2022-05-23,90.75,91.86,88.01,89.27,767145
2022-05-24,89.3,91.3,87.57,88.4,879527
2022-05-25,87.58,89.24,85.8,86.7,820232
2022-05-26,86.01,87.33,82.87,84.0,755427
2022-05-27,84.6,85.87,81.54,82.38,684614
2022-05-30,82.0,83.99,81.02,82.6,684990
2022-05-31,83.67,84.45,80.0,83.28,982155
2022-06-01,83.06,87.26,82.91,84.49,858317
2022-06-02,84.32,95.8,82.9,94.2,1959951
2022-06-06,94.2,101.0,93.6,98.18,2099401
2022-06-07,97.65,100.24,93.68,96.56,1533408
2022-06-08,98.0,98.88,92.43,95.0,1023696
2022-06-09,94.01,95.0,91.6,92.05,571737
2022-06-10,93.36,94.44,91.35,91.65,679321
2022-06-13,91.36,93.95,87.4,88.5,1734761
2022-06-14,87.5,87.82,82.6,85.14,1734957
2022-06-15,85.88,87.98,84.21,85.8,1215575
2022-06-16,85.79,88.95,85.27,86.18,1256537
2022-06-17,85.33,86.12,83.03,84.43,1345654
2022-06-20,84.99,89.17,84.11,87.85,1381171
2022-06-21,87.84,88.79,84.78,88.18,1213815
2022-06-22,88.0,88.0,85.2,85.81,869787
2022-06-23,85.08,94.48,84.22,94.24,1604735
2022-06-24,96.0,96.0,91.03,93.15,1230013
2022-06-27,93.06,96.58,91.31,93.41,1009549
2022-06-28,92.02,98.78,90.5,97.6,1280281
2022-06-29,97.32,100.8,94.0,94.2,859015
2022-06-30,94.36,96.74,93.27,94.77,787093
2022-07-01,94.44,100.81,94.44,97.46,1203083
2022-07-04,97.29,99.0,93.18,96.12,1293813
2022-07-05,97.3,103.88,96.11,103.76,1683397
2022-07-06,102.9,118.86,101.61,115.4,2825327
2022-07-07,115.01,117.5,107.07,112.14,1980429
2022-07-08,111.98,113.25,108.88,109.9,956686
2022-07-11,109.9,111.38,107.01,110.07,771070
2022-07-12,109.1,117.08,99.51,99.93,1558022
2022-07-13,98.33,101.48,96.35,99.7,1204450
2022-07-14,99.36,106.0,98.17,104.94,1071280
2022-07-15,104.0,108.3,103.2,106.88,773361
2022-07-18,107.32,107.78,102.55,102.88,508388
2022-07-19,102.02,104.51,98.86,100.11,808527
2022-07-20,101.29,110.0,101.29,105.25,1053409
2022-07-21,105.25,116.23,105.25,113.65,1138258
2022-07-22,117.0,117.0,110.03,111.41,725830
2022-07-25,109.89,112.83,108.1,111.1,656119
2022-07-26,109.21,111.1,105.5,107.77,725826
2022-07-27,107.77,109.39,105.61,107.2,454545
2022-07-28,107.2,114.79,107.2,111.47,1150779
2022-07-29,110.68,112.98,107.52,112.98,857165
2022-08-01,110.4,119.5,108.02,115.1,1248636
2022-08-02,113.1,122.36,112.01,116.56,1301322
2022-08-03,119.45,123.89,115.03,116.59,1431951
2022-08-04,116.72,121.38,115.41,119.0,1205894
2022-08-05,120.0,127.5,118.13,126.6,1700068
2022-08-08,136.0,138.78,120.16,123.0,3025698
2022-08-09,123.99,129.99,119.54,128.82,2760252
2022-08-10,125.11,138.7,124.27,135.56,2326736
2022-08-11,135.19,140.67,132.11,134.8,1746626
2022-08-12,134.19,135.48,126.65,126.8,1652267
2022-08-15,126.71,129.8,124.38,124.98,1085996
2022-08-16,123.42,127.77,121.51,122.55,1695543
2022-08-17,123.22,124.77,121.0,123.61,1161076
2022-08-18,123.61,128.64,122.75,126.39,1290822
2022-08-19,125.19,131.0,119.58,120.0,1472651
2022-08-22,120.0,121.78,116.39,118.91,1093109
2022-08-23,117.85,121.88,116.58,117.2,896234
2022-08-24,116.61,116.61,107.01,107.46,1992932
2022-08-25,108.89,111.16,106.6,110.03,1298607
2022-08-26,109.5,110.83,103.66,103.99,1202525
2022-08-29,104.75,116.2,104.74,108.99,2301387
2022-08-30,108.0,110.83,106.21,107.94,1128275
2022-08-31,108.95,109.8,104.11,105.18,1154288
2022-09-01,105.99,108.5,103.3,103.35,668537
2022-09-02,102.22,105.85,101.65,105.38,964017
2022-09-05,104.5,110.55,101.5,108.52,1467270
2022-09-06,108.52,112.42,106.8,111.5,1111345
2022-09-07,112.43,117.17,111.5,113.72,1217579
2022-09-08,113.52,117.39,112.2,114.15,1180971
2022-09-09,113.7,114.97,108.11,108.8,2110373
2022-09-13,108.16,116.99,108.0,111.82,1509153
2022-09-14,110.27,114.6,110.05,114.6,1079254
2022-09-15,114.48,115.0,107.71,109.67,1142909
2022-09-16,108.82,113.47,108.01,109.49,968322
2022-09-19,109.35,113.0,104.65,106.55,956159
2022-09-20,106.32,108.99,105.25,106.88,777097
2022-09-21,105.5,106.89,102.06,102.61,1219583
2022-09-22,101.21,106.79,101.05,105.59,997589
2022-09-23,105.0,106.9,101.64,103.19,852968
2022-09-26,102.21,108.17,101.77,106.85,947158
2022-09-27,106.49,111.77,105.99,110.5,661812
2022-09-28,110.92,111.46,106.87,107.55,519400
2022-09-29,108.5,112.49,106.16,111.9,790827
2022-09-30,112.33,113.49,103.6,104.12,790188
2022-10-10,101.11,103.0,83.3,83.31,1858327
2022-10-11,82.74,82.95,67.65,69.43,4623709
2022-10-12,70.26,72.16,66.72,72.16,3498439
2022-10-13,70.9,73.31,68.68,69.35,4254993
2022-10-14,72.3,73.66,69.01,72.98,3552801
2022-10-17,71.94,76.5,71.11,75.43,3707942
2022-10-18,75.4,76.44,73.37,74.53,2913695
2022-10-19,73.79,75.41,73.02,73.5,1869197
2022-10-20,72.86,83.8,72.3,80.8,5084403
2022-10-21,78.0,80.33,73.81,78.6,4819586
2022-10-24,77.0,81.0,76.85,78.53,3226441
2022-10-25,78.72,80.47,77.03,79.15,2393362
2022-10-26,79.06,81.5,77.0,80.51,2200438
2022-10-27,80.04,83.15,78.88,80.63,2599713
2022-10-28,81.38,86.35,80.11,83.83,4120350
2022-10-31,84.6,89.5,84.6,87.49,3491784
2022-11-01,87.0,89.3,86.5,88.87,2899105
2022-11-02,89.95,94.6,88.88,90.99,2880990
2022-11-03,89.8,96.92,89.7,96.87,2853398
2022-11-04,96.1,96.94,92.67,94.4,2576115
2022-11-07,94.4,96.3,92.24,94.0,2105482
2022-11-08,93.97,95.59,92.25,93.36,1516750
2022-11-09,93.0,93.36,89.74,90.28,1699250
2022-11-10,90.16,91.8,86.69,87.3,1952576
2022-11-11,90.5,92.92,87.82,88.0,1833300
2022-11-14,88.0,90.55,85.0,89.97,1804662
2022-11-15,88.96,94.65,88.28,92.34,2329470
2022-11-16,91.31,92.85,90.13,90.86,1308327
2022-11-17,89.5,94.59,88.55,93.18,2105814
2022-11-18,92.6,94.97,87.3,87.3,2912990
2022-11-21,87.0,90.48,86.2,87.7,1874022
2022-11-22,87.0,88.88,84.7,85.42,2210285
2022-11-23,85.06,86.3,82.57,85.75,1707955
2022-11-24,85.1,86.37,83.5,84.01,1523104
2022-11-25,84.07,86.09,81.73,81.76,1489296
2022-11-28,79.0,82.77,78.55,80.9,1493613
2022-11-29,81.96,81.96,79.7,80.0,1472609
2022-11-30,80.0,80.86,78.3,78.92,1463049
2022-12-01,79.99,81.86,79.11,80.35,1952379
2022-12-02,80.6,81.32,79.18,79.85,1469272
2022-12-05,80.15,80.85,79.03,79.53,1485391
2022-12-06,79.9,82.36,79.54,80.81,2275686
2022-12-07,80.1,80.1,77.94,78.38,2000108
2022-12-08,78.6,79.1,76.19,77.32,2138635
2022-12-09,77.85,80.7,77.85,77.95,2235020
2022-12-12,77.96,81.78,76.3,80.56,2361041
2022-12-13,80.9,81.6,78.89,79.16,1509087
2022-12-14,84.5,88.3,82.29,82.88,5080258
2022-12-15,83.42,89.24,81.32,87.25,4169701
2022-12-16,86.5,87.3,84.3,85.8,2945509
2022-12-19,84.05,84.88,80.5,80.95,2536299
2022-12-20,80.09,83.2,80.09,81.53,1706526
2022-12-21,80.5,81.5,77.99,79.27,1372318
2022-12-22,79.7,79.95,76.68,77.25,1228696
2022-12-23,76.13,77.0,73.82,74.88,1466037
2022-12-26,74.24,77.99,73.81,77.76,1365786
2022-12-27,77.75,80.1,76.05,79.71,1409412
2022-12-28,78.68,79.69,76.81,77.37,1224964
2022-12-29,76.2,79.61,76.2,78.27,1188935
2022-12-30,80.59,81.68,79.18,79.9,1474839
2023-01-03,79.2,81.66,77.79,81.15,1814516
2023-01-04,87.01,88.9,81.66,82.95,3902456
2023-01-05,81.6,83.75,81.11,82.69,2560389
2023-01-06,82.95,83.8,81.0,81.46,2342400
2023-01-09,82.1,84.69,81.67,82.36,1878619
2023-01-10,82.79,84.46,81.99,82.88,1855037
2023-01-11,83.2,86.86,82.57,82.57,2227006
2023-01-12,82.32,82.32,80.65,81.36,1476170
2023-01-13,81.5,82.33,80.96,82.25,1016931
2023-01-16,81.6,86.28,81.22,84.88,2722362
2023-01-17,84.7,87.36,84.66,85.99,1847936
2023-01-18,86.08,86.52,84.91,85.35,1163267
2023-01-19,85.25,87.58,84.8,87.2,1626963
2023-01-20,87.1,87.59,86.3,86.99,1173817
2023-01-30,88.08,88.47,85.3,86.22,1685764
2023-01-31,86.33,87.5,84.92,85.62,1492693
2023-02-01,85.1,87.27,85.1,86.82,1877469
2023-02-02,87.75,91.21,87.51,89.0,3011733
2023-02-03,88.3,89.37,86.61,88.52,1618497
2023-02-06,88.0,88.88,87.21,88.2,1280233
2023-02-07,88.3,88.88,86.07,87.06,1701125
2023-02-08,87.5,88.29,86.0,86.5,1227703
2023-02-09,86.06,91.65,85.81,91.54,2657628
2023-02-10,90.89,91.5,88.65,89.3,1830298
2023-02-13,88.92,90.76,88.1,90.0,1686799
2023-02-14,90.0,91.67,87.9,88.86,2073720
2023-02-15,88.8,90.77,88.08,90.58,3421639
2023-02-16,90.3,90.7,85.77,87.05,3074705
2023-02-17,86.46,87.56,83.3,83.3,2477055
2023-02-20,83.0,85.19,82.5,84.88,1557912
2023-02-21,84.78,86.36,84.31,85.19,1219277
2023-02-22,84.55,87.8,84.55,86.39,1653157
2023-02-23,86.39,86.93,85.9,86.14,1282522
2023-02-24,86.51,87.89,85.4,86.34,1708863
2023-02-27,86.0,86.0,81.81,83.1,3542939
2023-02-28,83.18,83.97,81.82,82.9,1630994
2023-03-01,83.09,83.38,82.33,83.38,1257665
2023-03-02,83.43,85.6,83.4,83.77,1579680
2023-03-03,85.59,88.4,85.5,87.11,4173130
2023-03-06,87.0,93.2,86.0,91.4,6263452
2023-03-07,90.65,91.35,87.82,88.03,3092491
2023-03-08,88.38,91.09,88.0,89.5,2686354
2023-03-09,89.49,93.65,89.17,91.39,4666266
2023-03-10,90.61,94.39,89.1,89.92,5189305
2023-03-13,89.41,91.99,88.22,90.87,3472948
2023-03-14,90.13,97.8,89.37,96.16,5803637
2023-03-15,96.0,97.8,94.52,94.72,3682986
2023-03-16,93.9,97.5,92.51,93.59,2988046
2023-03-17,95.0,96.97,93.1,94.5,3754685
2023-03-20,94.43,99.71,93.1,98.0,4477341
2023-03-21,97.03,97.8,95.61,96.95,2400048
2023-03-22,97.2,97.76,94.38,95.0,2710341
2023-03-23,93.17,96.27,91.58,95.76,4481256
2023-03-24,95.01,95.79,89.64,89.8,4809571
2023-03-27,89.26,91.2,87.52,90.4,3768821
2023-03-28,89.96,90.93,88.5,89.06,2037361
2023-03-29,88.79,95.59,88.7,93.24,5963531
2023-03-30,92.88,94.4,91.18,93.6,3446268
2023-03-31,93.59,96.47,92.28,95.89,3656898
2023-04-03,99.0,103.78,97.5,101.75,7006561
2023-04-04,101.95,109.8,101.14,103.18,7428596
2023-04-06,103.25,113.0,103.14,109.0,7550829
2023-04-07,108.9,113.0,106.88,110.97,5754102
2023-04-10,111.11,114.11,106.64,106.9,4776882
2023-04-11,107.2,110.78,103.82,106.35,5664331
2023-04-12,106.46,108.2,104.1,106.0,4399730
2023-04-13,105.21,108.0,102.9,103.18,4338200
2023-04-14,106.0,117.7,104.12,117.01,9240554
2023-04-17,117.1,125.0,114.69,115.99,8335643
2023-04-18,115.2,117.9,111.97,117.19,4203408
2023-04-19,117.23,122.96,115.28,116.48,5719322
2023-04-20,113.5,129.5,113.12,126.51,7916300
2023-04-21,123.67,125.94,115.18,115.75,6150242
2023-04-24,114.62,118.17,112.8,115.55,4546411
2023-04-25,116.6,120.97,110.05,115.49,5217498
2023-04-26,115.13,116.78,108.18,110.37,4657019
2023-04-27,114.8,124.81,111.5,113.22,6974790
2023-04-28,115.18,120.7,113.39,118.4,6075109
2023-05-04,115.26,117.96,107.0,111.26,5344941
2023-05-05,111.12,113.2,106.4,107.4,3931304
2023-05-08,106.99,109.2,103.33,103.97,3589986
2023-05-09,104.1,106.02,100.09,100.82,3894563
2023-05-10,100.05,101.24,96.68,99.8,4050093
2023-05-11,101.0,102.5,99.3,99.98,2304175
2023-05-12,100.5,105.0,100.5,101.69,3530474
2023-05-15,100.45,106.2,100.31,106.02,2571727
2023-05-16,105.81,110.66,103.81,109.21,3162615
2023-05-17,108.94,111.58,108.12,111.0,2730702
2023-05-18,110.96,112.0,108.72,109.3,2108751
2023-05-19,110.0,112.5,108.5,108.61,1564118
2023-05-22,110.0,111.5,106.54,109.33,1819844
2023-05-23,108.3,110.61,106.77,108.15,1280884
2023-05-24,108.0,115.15,106.76,110.5,3470830
2023-05-25,110.03,113.78,109.34,113.56,2307448
2023-05-26,113.56,115.25,112.0,113.33,1892777
2023-05-29,114.0,119.9,113.68,118.8,3703122
2023-05-30,117.0,121.52,115.8,119.5,2516506
2023-05-31,119.0,119.98,116.52,117.92,1824135
2023-06-01,117.29,120.5,116.53,117.99,2245038
2023-06-02,118.0,119.39,115.01,117.13,2230265
2023-06-05,120.5,125.0,120.01,122.24,2906198
2023-06-06,121.61,122.3,117.8,118.13,2106323
2023-06-07,118.1,120.31,115.36,116.15,2874872
2023-06-08,117.0,117.98,113.81,116.7,3187333
2023-06-09,117.3,126.46,115.8,123.6,6439191
2023-06-12,123.11,128.96,122.12,128.05,3909238
2023-06-13,127.5,128.1,125.3,126.72,2248439
2023-06-14,127.08,128.88,123.51,124.73,2073675
2023-06-15,124.0,125.83,121.8,123.38,1605452
2023-06-16,123.09,124.51,120.56,121.37,2270316
2023-06-19,121.35,121.6,118.02,119.82,2627664
2023-06-20,119.52,120.78,116.06,117.22,2487253
2023-06-21,117.66,117.66,112.0,112.14,2386550
2023-06-26,110.7,115.57,109.35,113.28,2875215
2023-06-27,113.8,115.93,110.81,111.21,1734791
2023-06-28,111.68,117.0,111.0,112.7,2573079
2023-06-29,112.0,114.4,110.0,110.78,2087317
2023-06-30,110.24,114.23,108.5,110.4,2452262
2023-07-03,111.78,113.18,109.57,110.71,1821364
2023-07-04,111.44,114.89,110.72,113.94,2235350
2023-07-05,113.32,115.98,108.57,109.0,2310672
2023-07-06,108.25,110.0,108.0,109.36,1322275
2023-07-07,108.24,110.16,108.24,109.16,1033583
2023-07-10,109.0,111.2,108.51,110.74,914721
2023-07-11,110.13,111.83,109.0,110.44,1269198
2023-07-12,110.0,110.9,101.01,103.2,3842037
2023-07-13,104.98,104.98,102.0,103.22,1913074
2023-07-14,103.09,105.39,102.38,103.4,1421091
2023-07-17,103.4,103.97,101.04,101.24,1261759
2023-07-18,101.56,104.09,101.3,102.06,1201986
2023-07-19,101.5,103.5,101.5,102.66,1040391
2023-07-20,103.45,103.69,101.81,102.44,929780
2023-07-21,101.5,102.06,99.03,100.06,1375029
2023-07-24,100.0,100.79,98.5,98.71,952074
2023-07-25,100.95,102.52,98.87,101.99,1197114
2023-07-26,101.5,104.5,101.14,102.55,1190165
2023-07-27,101.99,102.78,99.14,99.36,1237003
2023-07-28,100.48,101.34,98.84,100.21,1035546
2023-07-31,100.01,104.36,99.98,103.28,1520213
2023-08-01,103.28,104.49,102.17,102.9,1069257
2023-08-02,103.0,105.85,101.76,104.55,1428449
2023-08-03,104.5,106.85,103.37,105.27,1554608
2023-08-04,104.65,105.49,103.05,103.9,1357346
2023-08-07,105.0,105.92,103.3,104.58,1621759
2023-08-08,104.8,107.9,104.53,106.41,1378392
2023-08-09,105.86,106.76,104.5,106.02,949700
2023-08-10,106.02,110.2,106.02,108.81,1678245
2023-08-11,108.85,109.98,107.15,108.46,1374672
2023-08-14,105.8,110.35,105.57,109.78,1378776
2023-08-15,109.92,112.81,108.87,109.71,2349751
2023-08-16,109.7,111.97,103.77,103.8,2124658
2023-08-17,103.6,108.88,103.6,108.73,2301757
2023-08-18,110.53,110.79,104.81,105.17,1657039
2023-08-21,105.05,107.11,104.52,105.3,800103
2023-08-22,105.8,106.79,97.25,101.18,2328185
2023-08-23,100.09,100.93,98.5,99.05,819983
2023-08-24,100.17,101.5,98.24,100.42,1283221
2023-08-25,100.0,100.66,98.01,98.65,1026548
2023-08-28,108.0,108.0,100.57,101.18,1534028
2023-08-29,101.18,107.79,99.39,106.74,1699524
2023-08-30,109.0,112.3,106.88,110.4,2140505
2023-08-31,110.3,114.68,107.58,113.36,2535957
2023-09-01,113.27,115.57,112.1,113.41,1589418
2023-09-04,113.5,114.78,111.4,114.31,1600393
2023-09-05,114.31,114.76,111.65,112.87,1500919
2023-09-06,112.78,115.8,112.52,115.07,1643938
2023-09-07,114.0,114.99,110.5,110.6,1619209
2023-09-08,111.28,112.37,107.65,109.26,1551137
2023-09-11,109.26,111.97,108.32,111.02,1359442
2023-09-12,111.99,112.48,110.0,110.53,841952
2023-09-13,110.02,112.0,108.5,110.78,939352
2023-09-14,110.78,111.77,107.12,107.8,1083163
2023-09-15,108.62,110.7,107.27,110.7,1147543
2023-09-18,108.49,110.39,106.03,106.57,1469445
2023-09-19,106.95,107.47,105.1,105.4,1170507
2023-09-20,105.0,105.68,102.3,102.76,1159796
2023-09-21,102.0,102.55,100.08,100.6,1089159
2023-09-22,101.33,106.06,99.7,106.06,1001314
2023-09-25,104.0,104.29,101.68,103.2,1047127
2023-09-26,102.0,104.01,101.5,101.5,875696
2023-09-27,102.18,102.47,101.06,102.2,712675
2023-09-28,103.0,122.49,102.5,117.78,3516912
2023-10-09,115.5,116.8,113.29,116.15,1907711
2023-10-10,116.1,119.65,115.16,118.27,2287307
2023-10-11,118.27,119.1,117.0,118.46,1545800
2023-10-12,118.6,122.48,117.59,120.84,2065529
2023-10-13,119.03,120.42,117.56,119.7,1466134
2023-10-16,119.18,120.99,117.91,120.47,1530412
2023-10-17,120.27,121.99,117.6,120.12,1328095
2023-10-18,119.17,121.09,117.75,117.99,1315734
2023-10-19,117.51,120.0,116.0,116.51,1500905
2023-10-20,116.17,119.0,115.91,116.18,1563210
2023-10-23,116.36,117.99,114.0,115.05,1134234
2023-10-24,116.9,123.1,115.23,123.05,2097158
2023-10-25,123.0,123.0,116.8,117.0,1898897
2023-10-26,116.53,125.19,115.81,124.01,2205202
2023-10-27,123.55,124.68,120.48,123.08,1457852
2023-10-30,120.99,121.26,116.54,120.5,2636340
2023-10-31,121.37,122.8,118.02,120.5,1539596
2023-11-01,120.55,123.9,116.5,117.99,1665514
2023-11-02,117.99,118.88,116.27,116.3,881173
2023-11-03,116.3,118.4,116.12,117.6,900259
2023-11-06,118.4,118.89,113.1,116.38,1517116
2023-11-07,116.05,117.61,114.9,116.23,1064028
2023-11-08,117.0,120.88,116.24,118.23,2191203
2023-11-09,117.9,119.64,114.0,114.19,1429075
2023-11-10,114.2,115.77,112.3,113.2,1604133
2023-11-13,113.98,116.16,112.5,115.36,1310963
2023-11-14,115.19,118.88,114.33,118.88,1794640
2023-11-15,119.49,119.54,117.0,117.39,1087892
2023-11-16,117.39,117.39,113.93,113.93,866398
2023-11-17,114.37,115.05,113.2,114.81,848989
2023-11-20,116.0,117.5,113.55,113.95,1337596
2023-11-21,113.8,114.68,112.62,112.62,886611
2023-11-22,112.6,113.5,109.3,109.3,944809
2023-11-23,110.3,111.88,108.88,111.15,994568
2023-11-24,111.16,113.36,110.0,111.1,762800
2023-11-27,110.41,114.8,110.24,113.86,962001
2023-11-28,113.88,114.46,112.13,113.31,1020073
2023-11-29,113.0,114.93,111.02,111.53,1349773
2023-11-30,111.9,114.59,108.0,114.59,1836156
2023-12-01,113.5,114.05,109.29,110.75,1626263
2023-12-04,110.4,111.07,107.59,108.38,1138530
2023-12-05,108.0,109.3,107.0,107.0,950814
2023-12-06,107.76,107.76,105.5,106.37,1000504
2023-12-07,106.78,109.19,105.2,108.9,1522057
2023-12-08,108.64,111.28,107.3,111.28,2623139
2023-12-11,109.5,111.27,109.03,111.1,1332278
2023-12-12,111.31,112.63,109.65,110.66,915302
2023-12-13,110.0,111.17,108.95,108.96,818919
2023-12-14,108.94,110.6,107.6,108.84,853739
2023-12-15,109.2,110.18,106.82,107.46,897676
2023-12-18,107.66,107.66,104.88,105.16,770717
2023-12-19,105.42,107.23,104.28,106.93,857107
2023-12-20,107.96,107.97,106.01,106.1,577508
2023-12-21,105.3,106.75,104.7,106.5,629461
2023-12-22,107.06,107.06,104.8,105.0,660361
2023-12-25,104.61,106.0,103.6,104.0,504719
2023-12-26,103.5,103.99,98.01,100.26,1383356
2023-12-27,100.84,103.88,100.57,102.79,1093615
2023-12-28,102.3,104.36,101.0,103.55,1514185
2023-12-29,103.55,105.7,101.61,104.41,1810897
2024-01-02,104.7,104.7,101.7,101.8,1024890
2024-01-03,101.65,102.9,99.9,101.34,1073491
2024-01-04,101.17,101.8,99.61,100.21,608431
2024-01-05,100.98,101.2,98.5,98.8,612341
2024-01-08,98.0,99.9,95.73,95.87,938065
2024-01-09,96.06,97.2,93.41,94.0,964426
2024-01-10,95.99,99.54,95.4,95.4,1588079
2024-01-11,95.39,97.15,94.58,96.27,1062729
2024-01-12,96.41,97.87,95.95,96.0,778967
2024-01-15,95.08,97.98,94.44,96.48,747111
2024-01-16,96.28,98.88,95.0,96.87,974645
2024-01-17,96.36,96.99,92.1,92.1,1335501
2024-01-18,91.78,92.98,89.66,92.63,1240123
2024-01-19,92.72,94.55,92.19,92.3,1033197
2024-01-22,92.1,92.62,87.15,87.3,1279439
2024-01-23,87.37,92.45,87.3,91.45,1597566
2024-01-24,92.17,92.49,88.41,90.3,1153625
2024-01-25,90.3,93.61,89.2,93.3,1273735
2024-01-26,88.2,88.2,81.73,82.4,3723502
2024-01-29,82.39,85.98,80.6,80.81,2240753
2024-01-30,80.42,81.3,78.0,78.02,1356103
2024-01-31,76.86,79.69,76.77,77.52,1598537
2024-02-01,77.22,79.85,75.01,77.8,1626277
2024-02-02,78.5,78.5,71.77,74.04,1872544
2024-02-05,74.0,74.74,68.8,73.0,2078740
2024-02-06,74.0,79.97,71.35,79.97,2452562
2024-02-07,79.4,86.68,79.33,86.03,3297020
2024-02-08,85.5,93.64,85.47,87.22,2451476
2024-02-19,90.15,90.49,85.0,86.72,2228136
2024-02-20,86.09,86.6,84.5,85.8,1336279
2024-02-21,85.47,88.25,84.71,86.3,1708247
2024-02-22,86.68,86.9,84.7,85.6,1803287
2024-02-23,86.8,86.8,84.09,86.36,1768470
2024-02-26,86.55,87.76,85.67,86.89,1995383
2024-02-27,86.07,92.12,85.9,91.95,2781213
2024-02-28,91.78,92.33,86.94,87.05,2590619
2024-02-29,90.5,98.23,90.2,98.23,4652360
2024-03-01,97.0,98.54,94.18,96.25,3569112
2024-03-04,96.01,97.88,94.5,96.61,2385698
2024-03-05,96.52,96.59,93.61,94.15,2106932
2024-03-06,94.13,95.88,92.09,94.24,1770898
2024-03-07,95.0,98.22,93.08,93.13,2015741
2024-03-08,93.27,95.6,92.6,92.68,2758780
2024-03-11,92.0,95.21,91.22,94.98,2065325
2024-03-12,95.0,97.1,94.67,95.28,1460196
2024-03-13,96.22,96.88,94.06,94.32,1334172
2024-03-14,93.4,94.54,91.77,93.13,1211177
2024-03-15,93.39,93.4,91.21,92.86,1417194
2024-03-18,92.8,93.2,90.1,92.94,2428877
2024-03-19,92.94,93.12,90.4,90.41,1835158
2024-03-20,90.11,91.42,89.89,90.4,1139355
2024-03-21,92.01,95.3,90.58,93.03,3836918
2024-03-22,93.0,97.71,93.0,94.22,4286372
2024-03-25,94.2,94.2,87.01,88.0,4083129
2024-03-26,88.15,89.66,85.81,86.4,2316372
2024-03-27,86.35,86.95,83.67,83.78,1733425
2024-03-28,84.01,86.48,84.01,84.61,1765180
2024-03-29,84.1,87.98,83.88,86.8,1689935
2024-04-01,87.76,88.37,86.8,87.26,1218863
2024-04-02,86.66,87.18,84.63,85.7,1341658
2024-04-03,85.31,86.84,84.45,84.65,1384998
2024-04-08,84.63,86.38,82.55,82.8,1317627
2024-04-09,82.04,83.3,81.62,83.0,1293006
2024-04-10,83.0,83.69,80.55,80.79,1063165
2024-04-11,80.5,81.54,79.39,79.82,1075289
2024-04-12,80.0,80.78,78.91,79.02,878131
2024-04-15,79.99,83.29,79.51,81.91,1898586
2024-04-16,82.04,82.86,79.65,79.92,1684638
2024-04-17,80.94,82.87,79.2,82.87,1773200
2024-04-18,82.2,83.51,81.66,82.0,1395038
2024-04-19,81.09,81.74,77.78,77.78,1700704
2024-04-22,77.3,81.5,77.02,80.91,1734555
2024-04-23,81.13,82.48,80.2,81.37,1205978
2024-04-24,81.43,82.75,81.03,81.67,1401688
2024-04-25,81.9,82.78,80.67,81.44,1063027
2024-04-26,81.48,84.47,81.0,84.4,1887176
2024-04-29,81.0,84.8,80.33,83.89,3110621
2024-04-30,83.53,84.39,81.84,82.01,1808121
2024-05-06,83.43,83.89,81.85,82.71,1600360
2024-05-07,82.35,82.79,79.0,79.55,2308832
2024-05-08,79.0,80.25,78.08,78.29,1524555
2024-05-09,78.28,81.47,78.28,80.5,1973261
2024-05-10,80.55,80.9,77.6,77.85,2119826
2024-05-13,77.4,78.56,76.46,76.89,1213029
2024-05-14,78.04,78.77,76.88,77.62,1166531
2024-05-15,77.5,77.99,75.61,76.06,1094634
2024-05-16,76.98,77.82,75.75,77.82,1233227
2024-05-17,77.05,79.18,76.65,79.03,1165999
2024-05-20,78.9,80.53,78.09,78.45,1421194
2024-05-21,78.08,78.78,77.66,78.04,887006
2024-05-22,78.56,78.82,77.3,78.49,947566
2024-05-23,78.48,79.14,77.5,77.5,1046652
2024-05-24,77.5,77.78,74.87,74.88,1119663
2024-05-27,75.13,77.17,72.57,76.99,1703104
2024-05-28,77.08,78.77,76.1,76.1,1722743
2024-05-29,76.13,76.7,74.48,74.73,1306063
2024-05-30,74.16,76.2,73.86,75.5,1934531
2024-05-31,75.49,76.1,74.74,75.92,1634074
2024-06-03,76.6,79.7,76.58,78.68,3328773
2024-06-04,79.95,79.95,77.5,79.02,1687153
2024-06-05,79.0,80.77,78.66,79.7,2100140
2024-06-06,80.04,81.49,78.9,78.9,1990755
2024-06-07,79.26,80.84,78.63,79.54,1725923
2024-06-11,79.71,82.7,79.51,82.67,3353766
2024-06-12,83.0,84.92,82.2,83.8,3622571
2024-06-13,84.99,89.35,84.99,87.05,5042269
2024-06-14,86.65,86.88,82.8,82.8,5428936
2024-06-17,83.58,86.37,83.0,85.38,2950195
2024-06-18,85.38,86.6,84.79,85.63,2033902
2024-06-19,86.15,86.73,83.65,84.88,1622231
2024-06-20,85.0,87.6,84.5,85.21,2055824
2024-06-21,84.5,86.83,83.0,86.29,1908565
2024-06-24,85.75,87.5,83.45,83.58,2001823
2024-06-25,84.0,84.08,79.46,80.2,1727041
2024-06-26,80.58,81.6,79.55,81.15,1588978
2024-06-27,80.77,82.99,79.41,82.34,2059682
2024-06-28,81.52,84.8,81.03,84.51,1661656
2024-07-01,84.87,86.0,82.5,85.21,1344844
2024-07-02,85.21,86.39,84.04,84.62,1013588
2024-07-03,84.25,87.98,83.58,87.77,1553732
2024-07-04,87.7,88.89,86.8,87.09,1386438
2024-07-05,87.49,87.5,83.75,85.93,1567576
2024-07-08,85.98,88.21,85.5,86.11,1414862
2024-07-09,86.1,89.26,85.98,88.89,1570308
2024-07-10,89.48,89.48,86.92,86.95,1174913
2024-07-11,87.9,88.8,86.38,88.01,1349075
2024-07-12,87.79,89.45,86.5,88.8,1038708
2024-07-15,89.07,91.32,89.0,90.33,1161965
2024-07-16,89.86,90.78,88.62,90.71,1424061
2024-07-17,90.35,93.25,89.01,92.5,2041951
2024-07-18,91.52,94.62,90.88,93.93,1949142
2024-07-19,93.01,94.5,91.8,93.01,1771774
2024-07-22,93.78,95.0,92.79,95.0,1692699
2024-07-23,94.98,95.5,89.0,89.36,1770843
2024-07-24,89.36,89.8,86.18,87.0,1544448
2024-07-25,86.02,87.56,85.74,86.18,921460
2024-07-26,86.44,88.56,86.05,87.8,836968
2024-07-29,88.0,89.98,86.51,86.87,1085452
2024-07-30,86.98,89.33,84.35,88.93,1240369
2024-07-31,87.97,91.2,87.96,90.8,1831696
2024-08-01,90.44,93.2,90.21,92.0,1619654
2024-08-02,90.5,92.49,89.49,89.61,1192234
2024-08-05,88.97,90.0,86.58,86.66,1244866
2024-08-06,88.17,88.7,86.62,88.15,845299
2024-08-07,87.77,93.49,87.35,91.28,1797474
2024-08-08,94.99,98.0,92.88,96.6,3663305
2024-08-09,98.7,99.0,95.18,95.53,1910876
2024-08-12,94.6,97.76,93.8,94.19,1515056
2024-08-13,94.98,95.33,91.9,94.21,1575644
2024-08-14,94.88,95.5,92.3,92.31,1005628
2024-08-15,92.96,93.51,91.51,92.75,1433321
2024-08-16,94.49,94.49,91.42,91.57,825968
2024-08-19,92.03,92.55,90.11,91.4,979969
2024-08-20,91.73,92.0,89.53,89.71,698512
2024-08-21,89.6,91.2,88.03,88.81,1048993
2024-08-22,88.82,89.83,87.62,88.5,687440
2024-08-23,88.88,88.88,86.2,88.0,928634
2024-08-26,87.97,89.58,87.4,87.76,830294
2024-08-27,87.45,88.8,86.94,87.3,678552
2024-08-28,87.41,88.86,87.16,88.66,874661
2024-08-29,88.27,90.33,87.89,89.02,851009
2024-08-30,88.75,91.6,88.75,91.48,1765430
2024-09-02,90.7,91.16,86.26,86.3,1347042
2024-09-03,86.05,87.27,83.19,83.41,1351347
2024-09-04,82.79,85.0,81.8,83.7,989474
2024-09-05,84.75,85.09,82.3,83.43,882995
2024-09-06,83.43,84.85,82.2,82.26,623294
2024-09-09,81.9,83.44,81.2,82.0,591514
2024-09-10,82.02,83.28,81.85,82.91,571121
2024-09-11,82.1,83.5,81.8,82.82,627655
2024-09-12,83.12,83.41,81.8,81.81,537057
2024-09-13,81.63,83.51,81.5,81.83,878669
2024-09-18,82.33,83.43,80.32,81.2,765996
2024-09-19,81.88,82.62,80.16,80.86,909591
2024-09-20,81.02,81.36,79.72,80.12,668079
2024-09-23,80.14,80.69,77.21,77.66,1293539
2024-09-24,78.11,81.89,78.0,81.45,1273333
2024-09-25,82.5,83.88,81.58,81.75,1246054
2024-09-26,81.61,84.79,80.4,84.57,1253265
2024-09-27,86.28,90.0,86.06,89.98,945008
2024-09-30,95.23,105.8,94.0,105.49,3368362
2024-10-08,126.59,126.59,120.12,126.59,5297892
2024-10-09,126.6,139.99,120.21,126.97,6928709
2024-10-10,131.0,131.3,116.66,121.89,4600620
2024-10-11,121.21,122.51,110.0,114.3,3108559
2024-10-14,118.86,118.86,108.5,116.25,2913242
2024-10-15,115.98,117.96,111.95,112.11,2494688
2024-10-16,108.12,111.75,107.2,107.6,1923210
2024-10-17,108.45,109.75,104.82,104.92,2330068
2024-10-18,104.6,121.49,104.06,113.41,4849202
2024-10-21,115.44,122.49,111.11,115.93,5328296
2024-10-22,114.5,115.0,109.73,111.2,3352321
2024-10-23,110.02,111.88,107.91,108.92,3149332
2024-10-24,108.07,109.59,106.7,107.62,2266258
2024-10-25,108.05,111.15,106.7,109.07,3182391
2024-10-28,109.07,109.2,106.75,108.0,2272827
2024-10-29,106.99,109.0,105.36,105.5,2540401
2024-10-30,104.93,106.8,103.6,104.51,2040819
2024-10-31,105.32,107.79,103.8,106.61,3364037
2024-11-01,105.25,106.66,102.4,102.42,2892103
2024-11-04,102.5,106.25,101.88,104.97,2183911
2024-11-05,104.51,109.1,104.02,109.1,3928059
2024-11-06,109.16,112.5,107.0,108.36,4301159
2024-11-07,107.6,112.68,107.3,112.6,3178493
2024-11-08,117.2,122.7,115.38,115.68,5728102
2024-11-11,117.9,124.6,117.27,123.0,6371615
2024-11-12,122.0,123.64,117.01,118.02,4465867
2024-11-13,117.07,120.37,116.49,118.25,3029578
2024-11-14,117.0,119.95,114.01,114.53,2621717
2024-11-15,114.19,115.5,108.41,108.54,2776694
2024-11-18,108.54,112.49,107.35,109.18,2639543
2024-11-19,109.82,115.0,109.35,114.65,2658135
2024-11-20,114.6,116.65,113.0,114.8,2208761
2024-11-21,114.0,117.35,113.6,114.61,2066610
2024-11-22,114.87,117.37,110.71,111.89,2593229
2024-11-25,112.0,115.0,109.3,111.83,2045085
2024-11-26,111.91,113.18,108.58,108.65,1781484
2024-11-27,108.5,110.5,106.51,110.04,2112994
2024-11-28,110.53,113.79,109.65,111.11,2183739
2024-11-29,111.69,116.36,110.75,115.99,2768343
2024-12-02,116.57,116.58,114.2,115.65,2360138
2024-12-03,115.99,117.0,113.1,114.12,2224726
2024-12-04,115.8,116.3,111.59,111.94,2223759
2024-12-05,111.3,111.8,109.21,110.74,1605753
2024-12-06,110.02,112.99,109.0,112.65,1805315
2024-12-09,112.0,113.59,109.91,110.31,1485472
2024-12-10,115.1,116.1,110.66,111.2,2269320
2024-12-11,111.3,115.86,111.0,113.69,2390347
2024-12-12,114.5,114.5,111.01,111.89,1712758
2024-12-13,111.5,111.5,108.15,108.15,2359745
2024-12-16,107.22,108.07,104.51,105.28,1688735
2024-12-17,105.06,106.24,104.6,105.43,1174826
2024-12-18,107.49,107.49,105.4,105.5,1388990
2024-12-19,104.2,106.29,104.2,104.95,1654000
2024-12-20,104.5,107.79,104.16,106.18,2846459
2024-12-23,106.0,106.75,103.33,104.0,2320860
2024-12-24,105.97,106.04,103.44,105.94,1747016
2024-12-25,105.05,106.38,102.62,103.51,1875205
2024-12-26,103.5,105.35,103.26,104.38,1614626
2024-12-27,105.0,107.35,104.01,104.72,2533906
2024-12-30,104.01,105.25,102.88,104.05,1831988
2024-12-31,104.52,104.78,100.0,100.0,1744019
2025-01-02,99.43,101.2,97.28,98.33,1938633
2025-01-03,98.41,100.38,97.2,97.51,1690766
2025-01-06,97.89,98.94,97.18,97.5,1144270
2025-01-07,97.76,98.8,96.47,98.65,1657491
2025-01-08,98.28,98.6,94.45,97.73,1773340
2025-01-09,97.39,98.77,96.4,96.4,1135764
2025-01-10,96.2,98.5,95.53,95.62,1624177
2025-01-13,95.19,98.19,94.77,95.98,1488223
2025-01-14,96.28,99.5,95.6,99.19,1934175
2025-01-15,100.81,101.69,99.55,99.7,2065506
2025-01-16,100.8,102.94,99.61,99.99,2055977
2025-01-17,99.85,102.0,99.12,100.7,2008895
2025-01-20,101.0,101.8,99.96,100.5,1596490
2025-01-21,101.0,101.24,98.33,100.09,1717869
2025-01-22,99.76,100.45,98.03,99.34,1334690
2025-01-23,100.49,103.8,99.81,100.62,2619590
2025-01-24,100.27,101.68,99.73,100.9,1567404
2025-01-27,101.08,101.75,97.8,97.8,1633912
2025-02-05,98.8,99.0,96.3,97.18,2095229
2025-02-06,96.58,102.87,96.51,101.98,3256502
2025-02-07,102.0,103.55,101.01,102.38,2738937
2025-02-10,102.93,103.7,100.38,103.08,2509042
2025-02-11,102.64,103.05,101.23,101.77,1625646
2025-02-12,101.86,105.2,101.23,104.95,2826653
2025-02-13,104.59,105.19,101.66,101.91,2293958
2025-02-14,101.98,102.25,99.61,100.66,1836038
2025-02-17,100.66,103.33,100.66,102.56,2242814
2025-02-18,102.2,105.43,100.9,101.4,2907828
2025-02-19,101.88,105.74,101.41,105.55,3599818
2025-02-20,105.95,106.75,104.2,105.13,2280452
2025-02-21,105.79,109.18,104.65,108.79,3592656
2025-02-24,109.11,111.38,108.09,109.5,3581840
2025-02-25,106.86,111.6,106.5,109.4,3821194
2025-02-26,109.9,113.93,107.82,113.09,3796675
2025-02-27,113.09,114.29,108.5,111.16,4305020
2025-02-28,109.9,111.15,105.61,106.8,3219480
2025-03-03,107.37,108.33,104.9,105.55,2762397
2025-03-04,105.0,108.38,104.39,107.0,2873842
2025-03-05,106.67,108.28,105.78,106.5,2032878
2025-03-06,107.57,111.91,107.57,111.68,4533590
2025-03-07,111.0,112.38,109.24,110.37,2552650
2025-03-10,110.37,110.85,108.46,109.6,1786497
2025-03-11,107.6,109.72,107.53,108.54,1557954
2025-03-12,108.65,109.1,105.24,105.39,2477046
2025-03-13,105.28,105.81,102.23,103.1,1793454
2025-03-14,103.23,105.82,102.26,105.68,1698379
2025-03-17,105.75,106.0,104.74,105.12,1428118
2025-03-18,106.0,107.48,105.45,105.9,1187430
2025-03-19,105.71,105.89,103.64,103.95,1151268
2025-03-20,104.02,104.77,103.11,103.2,870029
2025-03-21,103.1,103.88,101.31,101.51,1320860
2025-03-24,101.5,104.4,101.36,103.56,1372535
2025-03-25,100.01,102.75,100.01,102.38,1229428
2025-03-26,102.44,103.4,101.86,102.52,900274
2025-03-27,102.48,104.89,101.1,103.49,1292998
2025-03-28,104.13,106.25,100.0,100.0,1768349
2025-03-31,100.1,102.4,99.85,101.97,1436044
2025-04-01,102.27,104.49,101.79,103.7,1290662
2025-04-02,103.46,104.58,102.75,103.8,961593
2025-04-03,103.31,105.78,103.05,103.47,1411218
2025-04-07,98.7,101.5,90.0,92.6,2791777
2025-04-08,94.31,96.98,92.32,93.53,2021373
2025-04-09,92.47,99.98,91.5,98.34,3062343
2025-04-10,100.55,101.85,99.0,99.02,1811554
2025-04-11,98.84,103.32,98.2,101.85,2402210
2025-04-14,103.0,103.38,100.82,102.3,1870954
2025-04-15,101.85,102.4,99.06,101.53,2143425
2025-04-16,101.51,104.1,100.81,103.9,2046949
2025-04-17,103.02,104.82,102.5,102.75,1691061
2025-04-18,102.5,102.73,100.99,101.75,824291
2025-04-21,101.5,102.66,101.31,102.11,843689
2025-04-22,101.89,103.86,101.36,103.25,1109762
2025-04-23,103.35,103.52,101.26,101.51,1264326
2025-04-24,101.3,101.73,99.92,100.78,943174
2025-04-25,100.78,102.12,99.56,101.48,1159586
2025-04-28,101.48,101.99,100.25,101.32,801873
2025-04-29,100.75,103.46,99.32,103.05,1418708
2025-04-30,106.66,107.2,103.91,104.91,2772570
2025-05-06,105.15,107.5,105.15,106.79,2173363
2025-05-07,108.0,108.5,106.01,106.81,1841497
2025-05-08,106.73,107.1,105.87,106.55,1221416
2025-05-09,106.26,106.26,104.39,104.45,1289411
2025-05-12,104.82,106.0,104.5,105.74,1122993
2025-05-13,106.3,106.68,104.85,104.94,837819
2025-05-14,105.24,106.68,104.94,106.36,1291245
2025-05-15,105.97,106.67,103.19,103.57,1061899
2025-05-16,103.05,103.85,102.78,102.9,671304
2025-05-19,102.91,103.92,102.51,103.32,735730
2025-05-20,103.36,103.95,102.65,102.8,847380
2025-05-21,102.84,103.37,101.81,102.34,738761
2025-05-22,102.31,103.12,101.23,101.43,603465
2025-05-23,101.1,102.0,100.06,100.06,787457
2025-05-26,100.5,101.48,100.01,100.51,746877
2025-05-27,100.52,100.93,99.81,100.7,704484
2025-05-28,100.7,100.88,99.9,100.44,548351
2025-05-29,100.6,102.56,100.57,102.37,815923
2025-05-30,101.5,102.28,101.12,101.31,709145
2025-06-03,100.98,106.99,100.88,106.61,2501523
2025-06-04,106.61,107.76,105.47,106.6,1302492
2025-06-05,106.81,107.49,105.93,107.13,1283848
2025-06-06,107.0,108.55,106.55,107.5,1326896
2025-06-09,107.6,107.88,105.67,106.5,1121873
2025-06-10,106.66,107.27,104.93,105.44,1316829
2025-06-11,105.88,107.5,105.44,106.27,923709
2025-06-12,105.6,106.41,105.0,105.13,741754
2025-06-13,105.13,108.41,104.62,106.82,2058852
2025-06-16,105.86,107.56,105.47,105.97,895545
2025-06-17,106.13,107.07,105.76,106.14,851587
2025-06-18,107.47,110.25,107.3,109.43,1693539
2025-06-19,109.49,111.8,108.97,109.38,1470507
2025-06-20,109.19,111.43,109.02,109.5,1259395
2025-06-23,108.89,112.69,108.45,109.54,2051062
2025-06-24,109.57,110.98,109.02,110.91,1745044
2025-06-25,110.36,111.9,109.54,111.81,1666193
2025-06-26,111.5,112.36,109.8,110.85,1480960
2025-06-27,111.49,115.5,110.8,112.9,2268840
2025-06-30,113.21,114.53,112.5,113.94,1428200
2025-07-01,113.45,115.0,112.83,113.32,1601638
2025-07-02,112.83,113.3,112.01,112.3,1243522
2025-07-03,112.18,113.35,110.51,112.49,1303695
2025-07-04,112.22,114.6,110.77,112.76,1187341
2025-07-07,112.06,113.19,111.21,112.26,775243
2025-07-08,112.26,114.83,112.08,113.19,1378092
2025-07-09,112.85,113.8,111.88,112.5,979923
2025-07-10,112.35,112.35,111.35,111.8,765137
2025-07-11,111.6,112.66,111.36,112.19,914986
2025-07-14,112.07,112.09,109.78,109.83,1442365
2025-07-15,109.77,111.15,109.73,110.38,894256
2025-07-16,110.38,111.75,110.21,110.95,946380
2025-07-17,110.87,111.1,110.2,110.85,874486
2025-07-18,111.53,112.5,111.0,112.08,1101320
2025-07-21,112.0,113.97,111.55,113.72,1459690
2025-07-22,113.76,116.95,113.33,116.95,1661261
2025-07-23,116.25,119.57,115.67,118.78,2042207
2025-07-24,118.7,121.25,118.0,120.03,2089498
2025-07-25,119.45,122.49,119.23,122.47,2440041
2025-07-28,122.55,123.47,120.87,122.62,1794255
2025-07-29,122.6,129.98,122.1,125.81,3717156
2025-07-30,125.0,128.37,124.66,126.28,2221020
2025-07-31,125.58,127.8,124.38,124.97,2564942
2025-08-01,125.0,128.0,123.17,124.05,1838639
2025-08-04,123.65,125.58,121.9,123.64,1809361
2025-08-05,124.03,124.4,122.28,124.26,1790025
2025-08-06,124.92,124.92,120.25,122.29,2284163
2025-08-07,120.0,120.4,117.24,117.9,3734188
2025-08-08,118.4,118.4,114.28,114.58,2820613
2025-08-11,114.88,115.38,113.43,113.74,2516947
2025-08-12,113.8,115.31,112.42,114.95,4453190
2025-08-13,115.0,116.38,114.38,115.32,4471141
2025-08-14,116.15,120.68,115.3,115.58,5603380
2025-08-15,115.58,117.99,114.54,117.56,3607440
2025-08-18,118.5,119.75,117.12,118.49,4380476
2025-08-19,118.46,118.47,114.83,114.98,4658460
2025-08-20,114.72,118.26,113.68,118.16,4596001
2025-08-21,118.7,121.47,117.66,118.51,4743679
2025-08-22,118.57,142.21,118.57,142.21,11025940
2025-08-25,151.0,162.5,148.0,152.5,14080247
2025-08-26,154.0,170.6,145.88,168.0,11156290
2025-08-27,162.8,167.9,158.9,158.9,10721635
2025-08-28,156.99,166.99,156.57,166.66,10264362
2025-08-29,162.01,163.59,152.22,155.0,8711565
2025-09-01,156.91,159.0,150.25,158.15,8050218
2025-09-02,155.7,155.79,147.23,148.91,7080464
2025-09-03,148.91,155.64,146.9,150.68,6096100
2025-09-04,149.23,151.55,138.01,141.0,6716713
2025-09-05,142.44,145.1,139.6,143.9,4910589
2025-09-08,143.0,147.4,141.7,146.52,4974219
2025-09-09,144.7,144.7,140.41,141.58,3715451
2025-09-10,142.27,145.57,141.44,141.98,3813456
2025-09-11,140.9,149.76,139.5,149.73,8292082
2025-09-12,148.0,153.87,146.01,149.0,7125088
2025-09-15,151.97,153.0,146.11,147.46,4993098
2025-09-16,147.2,149.99,145.08,146.41,4724525
2025-09-17,146.0,154.77,144.08,151.35,6170905
2025-09-18,152.71,162.0,150.0,154.1,9626247
2025-09-19,156.0,159.5,150.7,152.28,5998372
2025-09-22,152.36,158.2,150.0,156.72,6401156
2025-09-23,159.0,165.73,154.65,164.8,8650714
2025-09-24,165.93,196.77,164.85,189.2,11684336
2025-09-25,183.0,186.5,177.97,183.35,8381315
2025-09-26,181.0,193.39,180.5,184.45,7554950
2025-09-29,185.0,205.68,181.55,202.88,7858944
2025-09-30,202.0,219.8,198.58,201.8,8991643
2025-10-09,203.0,214.86,195.51,197.99,8511207
2025-10-10,190.0,193.89,184.0,192.21,7471231
2025-10-13,182.0,196.78,182.0,196.42,5685853
2025-10-14,196.5,198.0,179.01,179.68,6381744
2025-10-15,182.88,183.5,178.0,181.05,4376957
2025-10-16,179.99,183.45,178.08,179.76,2972641
2025-10-17,178.18,183.76,173.97,176.0,3793990
2025-10-20,180.0,183.21,173.49,175.71,3428582
2025-10-21,177.38,183.88,177.22,183.38,4367856
2025-10-22,180.0,185.99,178.27,181.28,3048128
2025-10-23,180.42,186.0,177.1,184.99,3885129
2025-10-24,187.0,192.98,182.51,192.29,4842923
2025-10-27,193.0,197.8,188.66,194.88,4740081
2025-10-28,193.15,193.15,186.53,186.7,3982910
2025-10-29,186.66,191.4,183.11,191.4,3137337
2025-10-30,191.5,196.98,189.11,192.6,4736152
2025-10-31,190.44,192.6,177.49,177.49,5046711
2025-11-03,174.1,177.0,169.3,174.57,3240252
2025-11-04,174.51,181.79,174.38,176.74,3300951
2025-11-05,171.0,176.9,171.0,175.66,2298633
2025-11-06,175.0,181.99,174.81,178.99,3230563
2025-11-07,176.75,180.49,176.0,177.2,2477093
2025-11-10,177.29,181.0,171.02,174.5,3302875
2025-11-11,176.0,179.2,168.76,169.33,3259912
2025-11-12,167.66,171.31,165.81,169.55,2261550
2025-11-13,170.08,172.88,168.03,170.2,2426924
2025-11-14,168.5,170.45,166.0,166.06,1883653
2025-11-17,166.99,168.77,161.5,161.66,2680351
2025-11-18,161.8,168.57,161.66,163.62,3962633
2025-11-19,162.17,164.96,161.16,161.65,1993431
2025-11-20,165.66,167.3,160.45,160.9,2490262
2025-11-21,156.98,160.45,154.8,155.5,2567371
2025-11-24,155.88,157.28,153.6,156.15,2438254
2025-11-25,157.33,159.43,155.0,155.29,2820099
2025-11-26,154.52,159.0,153.68,156.99,2519590
2025-11-27,157.53,161.0,154.85,155.28,2385818
2025-11-28,154.01,159.0,153.89,157.88,2074635
2025-12-01,164.91,165.39,157.3,160.57,2896279
2025-12-02,158.65,160.35,156.7,157.7,1979458
2025-12-03,159.1,160.5,156.65,156.96,1730878
2025-12-04,156.11,163.79,155.3,161.1,2893924
2025-12-05,160.7,160.94,157.6,159.99,1977781
2025-12-08,160.03,164.05,159.89,163.35,2830117
2025-12-09,162.09,166.01,161.01,164.0,2847780
2025-12-10,164.02,165.92,159.69,165.03,2623359
2025-12-11,165.82,169.96,164.13,164.47,3109662
2025-12-12,164.05,184.11,160.76,177.6,7138983
2025-12-15,172.5,175.95,169.0,170.09,4899155
2025-12-16,168.1,173.89,165.19,169.5,4004540
2025-12-17,169.19,173.5,166.59,173.5,3439359
2025-12-18,172.11,172.11,167.88,167.89,2926477
2025-12-19,169.56,170.3,166.3,167.0,2396623
2025-12-22,167.0,179.0,167.0,177.29,5382955
2025-12-23,178.88,181.98,176.72,178.37,4027002
2025-12-24,179.93,181.24,176.62,181.0,3347396
2025-12-25,181.0,185.98,178.08,184.1,3621109
2025-12-26,184.37,184.57,178.0,178.57,3380104
2025-12-29,177.3,179.55,175.5,176.6,2539700
2025-12-30,175.66,181.78,175.5,176.96,2709403
2025-12-31,183.0,183.0,175.57,176.05,3208336
2026-01-05,178.6,184.5,178.6,183.75,4347439
2026-01-06,183.76,192.87,183.02,185.0,5695295
2026-01-07,188.0,198.0,186.6,198.0,7614024
2026-01-08,195.0,199.86,193.78,194.49,4790388
2026-01-09,192.0,197.5,189.0,195.05,4334870
2026-01-12,196.1,201.0,192.8,197.7,5423954
2026-01-13,198.0,198.09,187.7,189.3,4645885
2026-01-14,189.77,201.78,189.0,194.6,5846429
2026-01-15,193.59,204.78,192.0,204.77,6079261
2026-01-16,208.5,218.49,204.78,211.32,7211433
2026-01-19,213.93,217.6,209.61,212.45,4661315
2026-01-20,209.6,213.68,206.86,208.18,3605265
2026-01-21,207.11,213.0,205.66,212.22,4451614
2026-01-22,217.0,217.02,203.0,205.61,4632675
2026-01-23,200.0,201.0,192.7,196.77,8241896
2026-01-26,194.51,196.25,191.07,192.0,3981461
2026-01-27,192.69,195.45,188.01,193.0,4415040
2026-01-28,194.5,202.59,194.5,199.89,4947059
2026-01-29,198.05,201.14,189.45,189.99,4083137
2026-01-30,190.69,191.98,184.5,188.8,3265274
2026-02-02,185.87,188.78,175.71,175.88,4303283
2026-02-03,179.98,182.31,178.01,181.98,3578538
2026-02-04,180.9,183.27,178.79,181.97,2217103
2026-02-05,178.0,180.3,175.89,178.36,2915273
2026-02-06,176.1,179.98,176.05,177.01,1863605
2026-02-09,180.15,181.77,179.1,181.67,2357973
2026-02-10,181.08,184.16,179.56,181.54,2462183
2026-02-11,181.2,181.98,178.96,179.39,1590264
2026-02-12,181.39,183.49,180.08,182.21,2027189
2026-02-13,180.06,183.5,179.01,179.41,2715788
2026-02-24,180.9,181.72,176.2,178.28,2398415
2026-02-25,179.5,185.99,177.6,183.5,3746417
2026-02-26,184.16,188.98,180.05,187.45,3854164
